Date,Adj Close,Volume,Volatility
2020-04-02,0.008854709253499016,0.09829228892625194,0.9885213572804523
2020-04-03,0.0014122479147562483,0.055484126199189,0.9876185894553191
2020-04-06,0.04008157769508225,0.1674908515478192,1.0
2020-04-07,0.03633794233696702,0.2588599874723898,0.9771784103358163
2020-04-08,0.05037100796334465,0.14767744700491214,0.965606733093394
2020-04-09,0.05155910637376798,0.25495335113572676,0.8870484732974043
2020-04-13,0.05270236120107191,0.13989714172683215,0.8001814937077157
2020-04-14,0.0732139050544704,0.2397388982296509,0.6252761148087352
2020-04-15,0.06182609774765496,0.12311673754656643,0.6083342052071327
2020-04-16,0.06716132114737178,0.17902943988395476,0.5894546157779774
2020-04-17,0.0755228878090855,0.13908944054330266,0.58912037320783
2020-04-20,0.06675783151619336,0.18923284871262322,0.5686389737136923
2020-04-21,0.04541683530043078,0.1458807239639996,0.5938498534698219
2020-04-22,0.06429194752910833,0.08388553720370553,0.4978654017157452
2020-04-23,0.061646757620809456,0.07183595424125538,0.49908661689649236
2020-04-24,0.07175681355659486,0.11400125276101936,0.4604360410910969
2020-04-27,0.07771974450308655,0.11884745986219628,0.42680089850686265
2020-04-28,0.07099464367172553,0.11177595358190748,0.41503490724790904
2020-04-29,0.09334439817106593,0.12913328717897998,0.42519643617775504
2020-04-30,0.08993700417226608,0.11083638281739358,0.38220664080598277
2020-05-01,0.0743571940874061,0.12605083572346948,0.40111453224058
2020-05-04,0.08083570652005861,0.0757920416707876,0.39280677388816854
2020-05-05,0.08908514712115828,0.12113869383180034,0.28959264650145355
2020-05-06,0.09298571791737503,0.0901658259980879,0.2864040503762708
2020-05-07,0.1028043760769643,0.1066824910163848,0.278901366752884
2020-05-08,0.11103141198932015,0.10040220222200244,0.28041133475737945
2020-05-11,0.11490954389116154,0.2009362740249893,0.28016171623972563
2020-05-12,0.10271468891072572,0.5654402795635117,0.2675941542666901
2020-05-13,0.09285122137364893,0.16458972076616227,0.26395528270921187
2020-05-14,0.09941938676690826,0.10463851251112649,0.2645068832719658
2020-05-15,0.10266984532760642,0.08246793920812318,0.26112810254194696
2020-05-18,0.11605279871846547,0.12123759601753864,0.26114484175288577
2020-05-19,0.11432671413313761,0.08977021725513468,0.21413196681162147
2020-05-20,0.12730617789281812,0.08967131506939638,0.19631706114164368
2020-05-21,0.12013270964152772,0.08897899976922824,0.20159540067004608
2020-05-22,0.12293483498792818,0.05869844723568391,0.19632699376703408
2020-05-26,0.1233383246191066,0.09858899548346683,0.19551836424128374
2020-05-27,0.12654393959668547,0.11072099693403223,0.1877178740496864
2020-05-28,0.12537828008063773,0.08859987472389808,0.14679217215983734
2020-05-29,0.13259655770941575,0.09453400586819635,0.14644915785088738
2020-06-01,0.1344795777328452,0.14054000593413113,0.10964689875438427
2020-06-02,0.1397251481719552,0.06687436125671711,0.10838384431645179
2020-06-03,0.14523978010978095,0.09092407608874822,0.10514128424381652
2020-06-04,0.1393664679182644,0.08924273893119705,0.11239785434764771
2020-06-05,0.15366852663209435,0.09046253255530282,0.11961009870337344
2020-06-08,0.1573897573014657,0.2016615567204035,0.11587253303488795
2020-06-09,0.1587572300443661,0.07809975933801469,0.11566473376079067
2020-06-10,0.16785852769657356,0.07849536808096791,0.09420194037900076
2020-06-11,0.13250687054317717,0.1934197079088781,0.19551801982138925
2020-06-12,0.13970277768884315,0.15679293179045922,0.19562899830745753
2020-06-15,0.14707792234445943,0.09560544621369466,0.19740273852993148
2020-06-16,0.15969870585044915,0.1547324695875779,0.19450836381793604
2020-06-17,0.15922796794740762,0.06187980087693271,0.19383546838944435
2020-06-18,0.1625680794687126,0.08271519467246893,0.18417618076752976
2020-06-19,0.15848816854565045,0.07798437345465334,0.1802820484294659
2020-06-22,0.1682620173277521,0.06400619787030626,0.18429591540737497
2020-06-23,0.17234192825081424,0.08741304849503842,0.18415783616903544
2020-06-24,0.15821917545819814,0.12306728645369727,0.20156474266271987
2020-06-25,0.1663341195155716,0.07663271024956317,0.20341524540953534
2020-06-26,0.15490150283126852,0.11780898691194408,0.2121846404629578
2020-06-29,0.16108854907646158,0.11597929647578545,0.21368680582750235
2020-06-30,0.1722298021902003,0.09616589193287839,0.2184766422882011
2020-07-01,0.1737093325824513,0.12867174364553455,0.21743775251446426
2020-07-02,0.17713913126999487,0.10806712161672105,0.21375565581150754
2020-07-06,0.18709228597331024,0.1014901262651238,0.20690705885171004
2020-07-07,0.18121904219305712,0.10269343619160648,0.20988132423314723
2020-07-08,0.1922257987630696,0.06609962746843373,0.21522240244899934
2020-07-09,0.19482617929388085,0.07214914449609336,0.21163443565169668
2020-07-10,0.19357083261159452,0.06901724194771372,0.10551310586951498
2020-07-13,0.1788204064778351,0.20480994296640623,0.12852916083828614
2020-07-14,0.18637492546592854,0.14459499554940164,0.12824194707822864
2020-07-15,0.19036514922275222,0.11306168199650546,0.11747939324781484
2020-07-16,0.18225020516537876,0.05855009395707645,0.12469038470687963
2020-07-17,0.18601624521223775,0.05269838130089342,0.12480938022738583
2020-07-20,0.20278418791315272,0.08114924339827911,0.13981401665896728
2020-07-21,0.19646257671297013,0.10043516961724852,0.13946683259679293
2020-07-22,0.20134953530965266,0.07185243793887844,0.13975033450972807
2020-07-23,0.1852765142217439,0.1471170012857284,0.1429506126129477
2020-07-24,0.17704944410375628,0.1870240332311344,0.14524151647530933
2020-07-27,0.18771995931445346,0.08787459202848383,0.13950779909535
2020-07-28,0.18007575316012142,0.04587413048495038,0.14371673024091228
2020-07-29,0.19090320380892017,0.03918174924999176,0.1426830624683082
2020-07-30,0.19413125768087452,0.045198298882405306,0.14302065828958738
2020-07-31,0.20935235330641216,0.1017208980318465,0.15646728778887417
2020-08-03,0.22484251043066533,0.12984208617677118,0.16385193559679687
2020-08-04,0.22706184022467352,0.1220947482939373,0.15937360553164767
2020-08-05,0.2300432714922877,0.05813800151650018,0.15359077965017473
2020-08-06,0.23827034161027522,0.06403916526555237,0.1559041432048636
2020-08-07,0.22710664960216115,0.14159496258200638,0.1657927671241566
2020-08-10,0.22495463649127928,0.0852042330135496,0.14717309131912917
2020-08-11,0.21296152632643278,0.07650084066857876,0.1573674965992032
2020-08-12,0.22755501702209052,0.14891372432664093,0.16774341658323552
2020-08-13,0.22921385333555527,0.09875383245969735,0.1605360814986956
2020-08-14,0.22753257812771505,0.04091253750041209,0.16138030635249903
2020-08-17,0.23336101253048064,0.04015428740975175,0.14607164327091948
2020-08-18,0.23540096799201177,0.04058286354795108,0.14136720332447872
2020-08-19,0.23432492723093917,0.044390597698875815,0.1412554312873555
2020-08-20,0.24317960227880647,0.048264266640292756,0.11830910093386587
2020-08-21,0.2504203188019601,0.07918768338113605,0.10798777411093566
2020-08-24,0.25613669555537494,0.06646226881614084,0.10335613885103348
2020-08-25,0.25952161645416755,0.05746216991395509,0.09166191833916618
2020-08-26,0.2742496036935514,0.07801734084989945,0.09523098932752347
2020-08-27,0.273801236273622,0.0853031351992879,0.09689204011856695
2020-08-28,0.28081776908681083,0.09606698974714009,0.08475188640804543
2020-08-31,0.28305946936393117,0.07879207463818283,0.069939641484206
2020-09-01,0.30056714305534,0.11436389410872647,0.08538570771692824
2020-09-02,0.3059472100381762,0.16007318761744635,0.0854962457013746
2020-09-03,0.26109083401265715,0.32804206639633404,0.20416094527304104
2020-09-04,0.24974783608332923,0.3569379883295421,0.20392716310091
2020-09-08,0.21914864098288928,0.32019582632776183,0.24883366870430088
2020-09-09,0.24035510644929398,0.17253486302047275,0.2611818609267723
2020-09-10,0.22573917685926076,0.16590841657600633,0.2625135945160497
2020-09-11,0.21872271245733527,0.17879866811723205,0.2644774836604573
2020-09-14,0.23300233227678974,0.09155045659842415,0.27351393812141833
2020-09-15,0.24048960299302008,0.10048462071011768,0.2743678877443805
2020-09-16,0.2301105197641508,0.08386905350608248,0.27887698953169704
2020-09-17,0.22399065337955743,0.12003428609105593,0.2803205217169714
2020-09-18,0.21405993757061753,0.1556885240497148,0.2799835667388091
2020-09-21,0.22020217443832296,0.19869449114825438,0.2794303878000757
2020-09-22,0.23136586644643714,0.1078198661523753,0.28412033922210556
2020-09-23,0.21092157086490165,0.09570434839943295,0.29764072316316126
2020-09-24,0.21296152632643278,0.09285266871064518,0.2871525413599123
2020-09-25,0.22972940061608443,0.07946790624072791,0.30263054292213476
2020-09-28,0.24237262301644963,0.08297893383443775,0.30811961919375697
2020-09-29,0.2404671640986446,0.06225892592226288,0.30754152049049743
2020-09-30,0.24562311578277946,0.09341311442982889,0.29610576391442645
2020-10-01,0.2543208553925452,0.08840207035242145,0.29874996206243987
2020-10-02,0.23804615790031053,0.14398509873734874,0.2420850739734837
2020-10-05,0.2537380598401529,0.09171529357465466,0.2486215042483869
2020-10-06,0.24400908884680222,0.07623710150660995,0.20785764085800454
2020-10-07,0.25719022901080874,0.06064352355520391,0.19293180928786055
2020-10-08,0.26030622523341235,0.16874361256717105,0.17909192183453906
2020-10-09,0.2723441447757465,0.04574226090396597,0.1790530591719793
2020-10-12,0.2906139883520246,0.08093495532917944,0.18308267555632732
2020-10-13,0.2870048837432673,0.12911680348135693,0.18370888849865233
2020-10-14,0.28285772454834196,0.1520126594797745,0.17671459098433526
2020-10-15,0.280078038096317,0.06870405169287574,0.17378058769655982
2020-10-16,0.27774665065295817,0.03848943394982362,0.16522607800823094
2020-10-19,0.266582958644844,0.06126990406487983,0.1749312348312468
2020-10-20,0.2675020639678149,0.1080836053143441,0.16998053753383094
2020-10-21,0.26492412233137924,0.025879405268189763,0.13869610837297539
2020-10-22,0.26207718760749116,0.0473411795734019,0.1405920650290756
2020-10-23,0.26165125908193726,0.015890284508620976,0.12510285821670025
2020-10-26,0.2462283502295471,0.0719018890317476,0.13276230187995425
2020-10-27,0.24936671693526297,0.04073121682655854,0.13291592439142227
2020-10-28,0.22134546347125866,0.10521544192793328,0.1770386475055132
2020-10-29,0.2308951285433956,0.09392410905614348,0.17842180170389885
2020-10-30,0.21544978079662996,0.11167705139616918,0.17793396489039134
2020-11-02,0.2168396240226425,0.07486895460389675,0.16129122389440895
2020-11-03,0.2289672307312151,0.12069363399597796,0.16842884678619077
2020-11-04,0.25591251184541025,0.12440246596116439,0.20075804598973154
2020-11-05,0.27846401116033986,0.12610028681633864,0.22368807803901633
2020-11-06,0.28187137095350795,0.05345663139155376,0.21816726549767004
2020-11-09,0.27420479431606387,0.12201232980582202,0.20536562138617467
2020-11-10,0.25918537509485223,0.17993604325322254,0.2141113368598129
2020-11-11,0.2765809911369103,0.08546797217551841,0.228740258467683
2020-11-12,0.2709094921722464,0.03420367256783041,0.2297304526871851
2020-11-13,0.27660336162002247,0.02441235617973824,0.23099545347110564
2020-11-16,0.28377682987131286,0.06370949131309137,0.22703348062321374
2020-11-17,0.28164718724354326,0.03448389542742228,0.2274280560593506
2020-11-18,0.27400298108921123,0.03291794415323245,0.2299174985109176
2020-11-19,0.28196105811974653,0.02348926911284739,0.23148330459019997
2020-11-20,0.27606537544511783,0.025566215013351795,0.23338988632742488
2020-11-23,0.27653611334815936,0.04094550489565819,0.22092031360502898
2020-11-24,0.2851891119917009,0.05121484851481884,0.2228823867590116
2020-11-25,0.2886413495736199,0.025071704084660272,0.1748904307823322
2020-11-27,0.29413347420580677,0.008719876042593874,0.1726375772189306
2020-11-30,0.2991548609349521,0.03713777074473346,0.15031939742065162
2020-12-01,0.3053867849688961,0.09127023373883231,0.14994869327502428
2020-12-02,0.3044677480571885,0.03268717238650974,0.14689978424233915
2020-12-03,0.30493848596023004,0.02034088286684469,0.10630937709864965
2020-12-04,0.3134345491656699,0.03367619424389279,0.07599189571670195
2020-12-07,0.31533993967221147,0.04674776645897207,0.07576045064802531
2020-12-08,0.3188146161485061,0.04150595061484192,0.06838134781471472
2020-12-09,0.3029882176649375,0.1274519500214288,0.06806484390390075
2020-12-10,0.3063283291862425,0.10404509939669665,0.0450327214884112
2020-12-11,0.3049832953377177,0.04265980944845548,0.04059340971022993
2020-12-14,0.3082337881040475,0.023670589786700953,0.03910475285717066
2020-12-15,0.32087694209314926,0.050291761447928,0.04694185896325287
2020-12-16,0.32650363168032565,0.034269607358322615,0.04635464134222919
2020-12-17,0.33204063410126344,0.05312695743909273,0.03679366653132296
2020-12-18,0.3299334303678692,0.03511027593709821,0.03589129400732771
2020-12-21,0.33201819520688797,0.07229749777470082,0.028338042960361326
2020-12-22,0.3404918195179523,0.05934131144298289,0.030408449670448506
2020-12-23,0.3332735418891743,0.03687403158276465,0.03598570146734548
2020-12-24,0.33849674184517214,0.002868163386410841,0.03651639974028828
2020-12-28,0.3440561147492221,0.07295684567962285,0.03634907452187314
2020-12-29,0.33878817382699994,0.060627039857580854,0.04056131340727595
2020-12-30,0.33984177569369706,0.031236606995681274,0.03876204647726916
2020-12-31,0.3405366973067033,0.04054989615270497,0.03819507452387785
2021-01-04,0.32735548873143344,0.10633633336630072,0.05584404751150707
2021-01-05,0.3337667186865913,0.04631919032077276,0.053410654053105605
2021-01-06,0.320720075066311,0.1014901262651238,0.06766498848956576
2021-01-07,0.34273351979507266,0.06484686644908186,0.09830863232623521
2021-01-08,0.3485395153034628,0.061747931295948306,0.07847160218866742
2021-01-11,0.341702356822751,0.0823855207200079,0.08357156519464579
2021-01-12,0.3405366973067033,0.2729535489400982,0.08347214351243346
2021-01-13,0.34450448216915147,0.052599479115155105,0.08360567858805723
2021-01-14,0.3395279048174938,0.04181914086967988,0.07714646561925925
2021-01-15,0.33118877705015554,0.0584347080737151,0.08079124898762058
2021-01-19,0.34096262583225717,0.05573138166353476,0.08491314923170665
2021-01-20,0.3559819766422055,0.05442916955131375,0.09681218002658004
2021-01-21,0.3653522673818654,0.04790162529258563,0.10034036677580552
2021-01-22,0.36295370007790667,0.04890713084759173,0.09812572147935092
2021-01-25,0.3684458247100935,0.10218244156529191,0.0944223132856506
2021-01-26,0.36582307369617023,0.10366597435136649,0.09463700690721902
2021-01-27,0.3493913723545706,0.19548017011175947,0.11001693097829474
2021-01-28,0.35365065761011,0.05014340816932054,0.1088535691215208
2021-01-29,0.3349548170970145,0.13607292387828437,0.12800707029561062
2021-02-01,0.35472662995991916,0.08782514093561467,0.1473670474715296
2021-02-02,0.3675939676589857,0.047308212178155805,0.14308530272544523
2021-02-03,0.3645677270138839,0.04157188540533412,0.1431239588576011
2021-02-04,0.37828692176405826,0.035044341146606005,0.13735786785460968
2021-02-05,0.37844385720215995,0.032703656084132796,0.1160306038328151
2021-02-08,0.3879710833799214,0.03974219496917549,0.11805629977235518
2021-02-09,0.38824007646737363,0.06420400224178288,0.11384522797278593
2021-02-10,0.38673810718074714,0.03750041209244057,0.11394735399587053
2021-02-11,0.39588428262170566,0.06435235552039034,0.11597019449854451
2021-02-12,0.4006590467465108,0.02179144825767316,0.11278949036805266
2021-02-16,0.3973638130139567,0.04280816272706293,0.10745006807689686
2021-02-17,0.3882624469504858,0.046154353344542244,0.11190333527416466
2021-02-18,0.3844067197373883,0.03281904196749415,0.10373589108729767
2021-02-19,0.3854155122265978,0.022566182045956548,0.09996378977642162
2021-02-22,0.36501602602254996,0.05334124550819239,0.12197367374875004
2021-02-23,0.36035331954709554,0.16218310091319685,0.12144998701946591
2021-02-24,0.37153938203832176,0.0834239936702601,0.12745339725886154
2021-02-25,0.3409401869378817,0.08421521115616656,0.1577360088266244
2021-02-26,0.3466116859025457,0.08154485214123233,0.15844297271006988
2021-03-01,0.37297410305308515,0.08291299904394553,0.17065332348050474
2021-03-02,0.3583806123574275,0.04569280981109682,0.16512051659257035
2021-03-03,0.3361205450243257,0.06428642072989812,0.17718548312730667
2021-03-04,0.31601249080210564,0.1614248508225365,0.191281565228296
2021-03-05,0.3284538999756182,0.139847690633963,0.1906777105867741
2021-03-08,0.3083010363759106,0.10081429466257871,0.202802499986286
2021-03-09,0.33742070108409955,0.1502653875317311,0.2385227530472904
2021-03-10,0.3340581506684191,0.07890746052154418,0.238308889808412
2021-03-11,0.3534937221720083,0.06156661062209475,0.25431248416549757
2021-03-12,0.3476204783917552,0.03898394487851515,0.251162129585756
2021-03-15,0.357483945928832,0.04574226090396597,0.2544483139598802
2021-03-16,0.36183284993934656,0.07870965615006759,0.2555832172908594
2021-03-17,0.3620794041324234,0.06769854613786966,0.253927333351749
2021-03-18,0.335963609586224,0.05222035406982494,0.27238926836580124
2021-03-19,0.3354928716831825,0.03964329278343718,0.27216435325555566
2021-03-22,0.3498845491519876,0.11795734019055154,0.26997832441453895
2021-03-23,0.34383199945052073,0.022665084231694853,0.2704160272279207
2021-03-24,0.33161470557570943,0.03281904196749415,0.26954721899849654
2021-03-25,0.3317940799081866,0.0450004945109287,0.24256809051634945
2021-03-26,0.34905513099525526,0.03323113440807042,0.25194132915829304
2021-03-29,0.34302495177690046,0.043929054165430394,0.2279890887178659
2021-03-30,0.33798112615337966,0.01930240991659249,0.22242622776639517
2021-03-31,0.3510726475624109,0.04491807602281344,0.21106421566274977
2021-04-01,0.3678405902633259,0.03967626017868329,0.2006476094923522
2021-04-05,0.3823668326871205,0.060478686578973394,0.20167002479388726
2021-04-06,0.380864863400494,0.01580786602050572,0.17944655595741574
2021-04-07,0.3838687335624837,0.01526390399894504,0.14543621914172772
2021-04-08,0.39660157471782403,0.0422147496126331,0.14785746421136153
2021-04-09,0.4036629853197638,0.02581347047769756,0.1345667064468392
2021-04-12,0.40083842107898787,0.03250585171265618,0.13237817917966083
2021-04-13,0.4100294058974339,0.045593907625358525,0.13154172987137802
2021-04-14,0.4006814856408863,0.05388520752975307,0.1373359667511259
2021-04-15,0.41518528917030545,0.04160485280058023,0.14341066777180927
2021-04-16,0.41384025532178054,0.025978307453928068,0.10023903232572698
2021-04-19,0.405658062992544,0.03367619424389279,0.10652921829026113
2021-04-20,0.39696025497151494,0.052137935581709684,0.1056345549607344
2021-04-21,0.40590468559688414,0.08086902053868725,0.10312389442031877
2021-04-22,0.3979242380832368,0.07005571489796592,0.09566876102843655
2021-04-23,0.4103208378792617,0.010664952362113872,0.09886781183345411
2021-04-26,0.41731493179807505,0.04476972274420598,0.08739637790684815
2021-04-27,0.41426618384733443,0.0472422773876636,0.08420683408773616
2021-04-28,0.4074065864722473,0.03661029242079584,0.08567718383184383
2021-04-29,0.40476139656394844,0.03873668941416939,0.08088761532248853
2021-04-30,0.3924320450397866,0.03389048231299245,0.07842350036443047
2021-05-03,0.3890470557297306,0.059588566907328645,0.06728852045930028
2021-05-04,0.37198774945825114,0.0941878482181123,0.08476197298636537
2021-05-05,0.3695218654711661,0.006741832327827775,0.08424838260767648
2021-05-06,0.3745432522003114,0.052945636765239175,0.07528216400729551
2021-05-07,0.38247889033647114,0.02302772557940197,0.07640206298514679
2021-05-10,0.3608913057220002,0.04692908713282564,0.09961003486205824
2021-05-11,0.3601739452146184,0.10566050176375563,0.09283063863162805
2021-05-12,0.3362550415680518,0.11312761678699765,0.11583445148343749
2021-05-13,0.34522184267653316,0.05505555006098969,0.10856578190475977
2021-05-14,0.3636934310684005,0.02706623149704942,0.13271016763863827
2021-05-17,0.3575511942006951,0.028137671842547722,0.13200786160597014
2021-05-18,0.352238375489722,0.03753337948768668,0.13069327239685685
2021-05-19,0.3550628713192346,0.02818712293541687,0.12615255001284517
2021-05-20,0.37104620524090476,0.024280486598753835,0.140214328575311
2021-05-21,0.36710085927283204,0.01767052385191046,0.1317016228676334
2021-05-24,0.38135804019791103,0.09456697326344246,0.14058531950288883
2021-05-25,0.38162703328536335,0.01684633897075792,0.14066347056357256
2021-05-26,0.38326349911571594,0.015511159463290805,0.13979617748663548
2021-05-27,0.3797440132619338,0.011950680776711832,0.13995912214378023
2021-05-28,0.38198571353905414,0.009939669666699631,0.13466432242914605
2021-06-01,0.3782420439753073,0.04554445653248936,0.13477836883061983
2021-06-02,0.38297206713388815,0.03479708568226025,0.12213743461246943
2021-06-03,0.37402770491978227,0.036396004351696175,0.12597614309400573
2021-06-04,0.38965235858776165,0.029258563280915174,0.13584949501255228
2021-06-07,0.3908180181038094,0.056011604523126625,0.1333733580530684
2021-06-08,0.3922975484960604,0.011175946988428442,0.10826269642607392
2021-06-09,0.39184918107613104,0.002934098176903044,0.1081944738343168
2021-06-10,0.39944857785297544,0.03342893877954703,0.06753828637875628
2021-06-11,0.40467170939770997,0.0185276761283091,0.06516961030568905
2021-06-14,0.41413168730360833,0.022665084231694853,0.049111341150884474
2021-06-15,0.40816875635711664,0.023110144067517227,0.048437677801678986
2021-06-16,0.40455965174835923,0.06417103484653677,0.04636939119361058
2021-06-17,0.41561121769585935,0.2059143507071506,0.05094052043586536
2021-06-18,0.40866193315453364,0.12420466158968779,0.042528231088757196
2021-06-21,0.41632857820324104,0.06937988329542083,0.04171778071257187
2021-06-22,0.4246677059705793,0.0287805360498467,0.03245025376652269
2021-06-23,0.4240624031125482,0.01506609962746843,0.03276579682109734
2021-06-24,0.42874761689364155,0.030181650347806017,0.033173792160375665
2021-06-25,0.4285458036667889,0.019846371938153168,0.030883444814857386
2021-06-28,0.4379385333008243,0.04537961955625886,0.03416683089554029
2021-06-29,0.4443049538784945,0.10127583819602412,0.03118651443435913
2021-06-30,0.44136833198836783,0.05528632182771239,0.03368205054808593
2021-07-01,0.44165976397019563,0.044126858536907,0.022044473788417104
2021-07-02,0.45244233683024343,0.03537401509906702,0.011621583132591165
2021-07-06,0.4569257373844841,0.038918010088022946,0.011357173165537221
2021-07-07,0.4604227843438908,0.15179837141067484,0.011055550566048566
2021-07-08,0.4515232315072725,0.06532489368015032,0.02168298621647413
2021-07-09,0.4600641040902,0.02007714370487588,0.02200508022110509
2021-07-12,0.4599744853352247,0.17729865163353442,0.02223347122923844
2021-07-13,0.46194719252489275,0.19762305080275608,0.018115534151225174
2021-07-14,0.46591497738734095,0.03781360234727855,0.011780843507794903
2021-07-15,0.45755341072562733,0.05411597929647579,0.01815359595079913
2021-07-16,0.44923672185266456,0.041275178848119216,0.019837939580130165
2021-07-19,0.43831965244889065,0.09364388619655162,0.025867881866173822
2021-07-20,0.45280101708393433,0.12262222661787492,0.03500817069790707
2021-07-21,0.462036811279868,0.21652985197639535,0.03553638127107206
2021-07-22,0.46811186828697376,0.026604687963603997,0.03608961134686545
2021-07-23,0.47714591766731823,0.043698282398707676,0.038549602903418245
2021-07-26,0.4773700329660196,0.02503873668941417,0.038409858346008324
2021-07-27,0.4672375723414904,0.2505686875679952,0.04376346609084272
2021-07-28,0.4682014870419489,0.03339597138430093,0.04208182221909251
2021-07-29,0.4727521358680527,0.07119309003395641,0.04144911804230528
2021-07-30,0.4714967891857664,0.01518148551082979,0.04185132334072589
2021-08-02,0.4692102795311584,0.04879174496423038,0.036335025620893135
2021-08-03,0.4743437923209178,0.021263969933735534,0.03662901612666497
2021-08-04,0.4766527408699012,0.03545643358718228,0.03629429684209065
2021-08-05,0.48252598465015434,0.005505555006098971,0.030764450907525026
2021-08-06,0.4810688931522788,0.011208914383674544,0.027521931432949953
2021-08-09,0.4787823150864075,0.009675930504730819,0.02818676152361463
2021-08-10,0.4717657822732187,0.03568720535390498,0.03213634093354037
2021-08-11,0.47095880301086174,0.17101836283915206,0.03135486429428616
2021-08-12,0.4759578192568949,0.008901196716447436,0.027070882756349612
2021-08-13,0.48017215831241994,0.006478093165858963,0.020917627195422575
2021-08-16,0.48189831130901123,0.02322552995087858,0.007542477195881581
2021-08-17,0.47391786379536377,0.03459928131078364,0.0
2021-08-18,0.46208168906861896,0.02756074242574094,0.006396909639100917
2021-08-19,0.46896365692681824,0.04018725480499786,0.0072833216063547535
2021-08-20,0.4806205257323494,0.04654996208749546,0.011666671023884412
2021-08-23,0.49373448603575604,0.035242145518082614,0.023459988648118463
2021-08-24,0.49507951988428095,0.02718161738041077,0.014082135791216269
2021-08-25,0.49514676815614406,0.04814888075693139,0.01420326096492798
2021-08-26,0.4895873268408308,0.013714436422378268,0.0165651818378605
2021-08-27,0.5003698997008785,0.01111001219793624,0.022750915204055255
2021-08-30,0.5098074387124014,0.034269607358322615,0.02554220507177135
2021-08-31,0.5039341949321483,0.2682062440246596,0.028554792104413557
2021-09-01,0.5045618682732915,0.06150067583160255,0.02855037569462074
2021-09-02,0.5053016676750486,0.025978307453928068,0.027114054220725117
2021-09-03,0.5099195647730155,0.015626545346652164,0.027298413282411713
2021-09-07,0.508910772283806,0.03947845580720668,0.026739801560645107
2021-09-08,0.5033289604853806,0.0328684930603633,0.025000940608008254
2021-09-09,0.5002129642627768,0.013269376586555894,0.026073727115398918
2021-09-10,0.4906857380850154,0.03552236837767448,0.03240384355168871
2021-09-13,0.49075298635687853,0.16932054198397783,0.03158082743865917
2021-09-14,0.4895648879464553,0.2416015560610556,0.03165933458446052
2021-09-15,0.49761258373196576,0.0225496983483335,0.029948149790899464
2021-09-16,0.4992042401848307,0.013252892888932846,0.017139161205449643
2021-09-17,0.48642652124073943,0.027016780404180263,0.028648866264908673
2021-09-20,0.4684256707519136,0.34849833514654005,0.04094243392463545
2021-09-21,0.46889640865495513,0.029209112188046026,0.028353537401357126
2021-09-22,0.48252598465015434,0.026736557544588403,0.041978260591253425
2021-09-23,0.4946087135699761,0.03156628094814229,0.05103089254382756
2021-09-24,0.49469840073621457,0.24537632281673422,0.049199790392942866
2021-09-27,0.4854177971627934,0.034813569379883294,0.046921180964570375
2021-09-28,0.4560963192277518,0.2116506774799723,0.08073410387268357
2021-09-29,0.452038847199065,0.08625918966142485,0.08038994061217272
2021-09-30,0.4470174604699197,0.049121418916691396,0.08016128115140794
2021-10-01,0.4595036790209199,0.08606138528994825,0.09087637407795232
2021-10-04,0.43737810823154416,0.11681996505456102,0.10550265500834588
2021-10-05,0.45022307544749857,0.051231332212441895,0.11672340936702622
2021-10-06,0.4564549994814426,0.2850360992977945,0.11961906997744126
2021-10-07,0.4662287798522809,0.24575544786206444,0.12515242377865585
2021-10-08,0.4619023147361418,0.013846306003362674,0.12310487727881878
2021-10-11,0.456791240840758,0.01518148551082979,0.12354468448780065
2021-10-12,0.45463922772987614,0.010269343619160647,0.12354739102289145
2021-10-13,0.4622609949898327,0.0730392641677381,0.1234499038774472
2021-10-14,0.48207761723022496,0.07099528566247981,0.14030466024471985
2021-10-15,0.4886457826234843,0.03832459697359312,0.13656069445914634
2021-10-18,0.4974332778107519,0.027791514192463652,0.125709236126281
2021-10-19,0.5061758952092688,0.0339399334058616,0.1274455478962864
2021-10-20,0.5043153140802146,0.09013285860284179,0.12209096275580361
2021-10-21,0.5084400343807645,0.04058286354795108,0.11760552130165816
2021-10-22,0.5043601234577022,0.018082616292486732,0.11843684021942108
2021-10-25,0.5088435240119429,0.01681337157551182,0.11490551377185196
2021-10-26,0.5101213095886048,0.034813569379883294,0.07136951989341966
2021-10-27,0.5064897660854719,0.0205057198430752,0.07093626258396699
2021-10-28,0.5162859853506856,0.01580786602050572,0.06948389012163439
2021-10-29,0.5207021376330634,0.019351861009461645,0.06468242691863876
2021-11-01,0.521867797149111,0.03428609105594567,0.0232196136224002
2021-11-02,0.528525649708609,0.02528599215375993,0.017204024709051594
2021-11-03,0.5344437712776131,0.02282992120792536,0.016943628580879624
2021-11-04,0.5485440167645905,0.02357168760096265,0.02069313004762348
2021-11-05,0.5519290060746465,0.03062671018362839,0.015278326209787974
2021-11-08,0.5591248448090491,0.027198101078033825,0.007860801047467225
2021-11-09,0.5564348455232626,0.03140144397191178,0.008185641644715816
2021-11-10,0.537582137983329,0.23665644677414038,0.04066702460399316
2021-11-11,0.5429397660717896,0.01743975208518775,0.02197308521980937
2021-11-12,0.554865627964773,0.033214650710447366,0.025740109259307156
2021-11-15,0.5535205941162482,0.04033560808360532,0.02465626223120819
2021-11-16,0.5640118034057315,0.024593676853591796,0.025680874532868853
2021-11-17,0.55973014766708,0.18275475554676424,0.027312141798182907
2021-11-18,0.5670156735677212,0.04594006527544258,0.028285651174216414
2021-11-19,0.5729561656198374,0.1676886559192958,0.02532745715081873
2021-11-22,0.5576453828280614,0.11782547060956713,0.043337681684516544
2021-11-23,0.5530274173188312,0.19688128440971878,0.045803997735544
2021-11-24,0.5613889839805448,0.04485214123232124,0.04549200248063609
2021-11-26,0.5385460526837875,0.06596775788744932,0.07104881360763532
2021-11-29,0.561030303726854,0.06994032901460456,0.08927023036620654
2021-11-30,0.551032339646051,0.08421521115616656,0.09461886749324905
2021-12-01,0.532717618281022,0.06534137737777337,0.10709074529548498
2021-12-02,0.5433208852198559,0.11078693172452445,0.1098265800677781
2021-12-03,0.5248268579336131,0.14167738107012165,0.11412960226985838
2021-12-06,0.5331435468065759,0.05896218639765272,0.1166206905942275
2021-12-07,0.5687865675305366,0.05604457191837273,0.15684338767699493
2021-12-08,0.5756013555281363,0.026176111825404677,0.15749314954714952
2021-12-09,0.5622632799260281,0.02709919889229552,0.1517461961929751
2021-12-10,0.57871735175074,0.03941252101671446,0.15762353592609704
2021-12-13,0.5635858748801776,0.046797217551841234,0.16157215106862835
2021-12-14,0.5469524287229888,0.0706326443147727,0.1692583409354713
2021-12-15,0.5734045330397668,0.054495104341805954,0.18514035324963093
2021-12-16,0.5418637937219803,0.07613819932087165,0.20852471689801963
2021-12-17,0.5384115561400613,0.04054989615270497,0.20703374126905874
2021-12-20,0.5267771262289056,0.0667095242804866,0.20810750730197383
2021-12-21,0.5531843527569327,0.05368740315827646,0.222313533203683
2021-12-22,0.5651999018161549,0.03196188969109551,0.22486294677589483
2021-12-23,0.5707592747202046,0.022467279860218244,0.2240462485169872
2021-12-27,0.592302049957188,0.05724788184485544,0.21903620717128455
2021-12-28,0.5849940851621716,0.05825338739986153,0.21085909253338056
2021-12-29,0.5850837723284101,0.03323113440807042,0.20773386183318351
2021-12-30,0.5796588275568231,0.027939867471071113,0.19877160881676367
2021-12-31,0.574525383178327,0.03875317311179243,0.1981289766785241
2022-01-03,0.5831110651387421,0.06455015989186694,0.18780937008746104
2022-01-04,0.5700195437297109,0.10823195859295157,0.19281790513505123
2022-01-05,0.5360801686967025,0.12880361322651895,0.18836972321158077
2022-01-06,0.5323365675442189,0.09300102198925264,0.18662338992314362
2022-01-07,0.5222712867802894,0.2753272013978175,0.18522590165311562
2022-01-10,0.5233025181638744,0.41947713711139684,0.1763888503993493
2022-01-11,0.5361922947573166,0.06629743183991033,0.1782074524483098
2022-01-12,0.5394203486292708,0.16915570500774732,0.1719758481123432
2022-01-13,0.511376656270891,0.0716711172650249,0.16978242498687166
2022-01-14,0.5191553589689493,0.05406652820360663,0.14880328820255417
2022-01-18,0.49436215937689926,0.09316585896548313,0.1654338266306772
2022-01-19,0.48115851190725395,0.3856690732865196,0.1667583368163654
2022-01-20,0.46954652089047383,0.07656677545907098,0.1422621357428524
2022-01-21,0.44957296321198,0.28183826195892264,0.14180685284391234
2022-01-24,0.45540139761474546,1.0,0.14254254887652917
2022-01-25,0.4330964524928927,0.11053967626017869,0.12718793551907992
2022-01-26,0.4361676393380088,0.6133748722513435,0.1313957650116362
2022-01-27,0.4286354908330275,0.08090198793393333,0.1293563858969971
2022-01-28,0.46618397047479326,0.12712227606896778,0.19896182648637475
2022-01-31,0.49402591801758383,0.08507236343256519,0.22843085684040873
2022-02-01,0.4979488935025444,0.23492565852372005,0.22644887258005494
2022-02-02,0.5028805930654512,0.05597863712788053,0.22639470364043865
2022-02-03,0.4731108161217436,0.08629215705667095,0.22367102889827054
2022-02-04,0.48017215831241994,0.04814888075693139,0.226176409147981
2022-02-07,0.4755991390032041,0.030824514555105,0.22491261564594675
2022-02-08,0.48756981027367513,0.017950746711502326,0.2297783019175735
2022-02-09,0.5106592957635094,0.1692381234958626,0.2401011355819417
2022-02-10,0.48714388174812123,0.09914944120265057,0.25064727488577754
2022-02-11,0.4574861624537642,0.21161771008472618,0.2544762334606684
2022-02-14,0.45732929542692596,0.3453499489005374,0.2520880189529078
2022-02-15,0.4835347087281005,0.03369267794151584,0.25978872365194816
2022-02-16,0.48187587241463575,0.027198101078033825,0.25580574695731717
2022-02-17,0.45114218077046947,0.04798404378070089,0.27463112889062125
2022-02-18,0.4398439922186292,0.07935252035736656,0.26851560143819664
2022-02-22,0.43107893592573704,0.33272343652128045,0.2691488984912871
2022-02-23,0.40872918142639675,0.09122078264596314,0.2698508767323641
2022-02-24,0.4398439922186292,0.3535753140144397,0.2956424986944326
2022-02-25,0.4526889594345836,0.08334157518214486,0.29730583662539
2022-02-28,0.4528907042501728,0.07046780733854219,0.2623667395586591
2022-03-01,0.43547271772500257,0.03143441136715788,0.24709907595515204
2022-03-02,0.4539667450112454,0.03194540599347245,0.2577958153911015
2022-03-03,0.43986643111300466,0.033808063824877194,0.2599734038667757
2022-03-04,0.42206732543976805,0.044126858536907,0.24922683945061294
2022-03-07,0.38927123943969527,0.11856723700260441,0.27026661541742747
2022-03-08,0.38512408024477,0.2677776678864603,0.2702666414046162
2022-03-09,0.4208343492405939,0.08233606962713877,0.30689118861578313
2022-03-10,0.40574775015878256,0.13571028253057726,0.29421865176163753
2022-03-11,0.3879038351080583,0.1040615830943197,0.2918400616271458
2022-03-14,0.3697236102867553,0.15272145847756569,0.28356741911086436
2022-03-15,0.3973638130139567,0.05663798503280256,0.30999415289975907
2022-03-16,0.4284785553949259,0.08268222727722283,0.3200474915732775
2022-03-17,0.43805065936143833,0.040467477664589725,0.3231779042940919
2022-03-18,0.4584501455654861,0.05627534368509544,0.31462289713641944
2022-03-21,0.4561411286052393,0.05325882702007715,0.3115642111103438
2022-03-22,0.4706898099234094,0.04092902119803515,0.3127522774668553
2022-03-23,0.4566343054026563,0.03682458048989549,0.304255826045286
2022-03-24,0.4788495633582706,0.029093726304684667,0.2921036858744278
2022-03-25,0.47667511135301327,0.023439818019978242,0.2895013579984297
2022-03-28,0.4881526742373307,0.05764349058780866,0.29156310328056745
2022-03-29,0.5089556500725569,0.2961131441004846,0.28876500585177256
2022-03-30,0.49438459827127473,0.04089605380278904,0.2894545501700997
2022-03-31,0.4810688931522788,0.0596709853954439,0.28845999594265237
2022-04-01,0.47833401607774145,0.02418158441301553,0.2788992370034351
2022-04-04,0.49664866903150723,0.021873866745788416,0.24649090493887885
2022-04-05,0.47420929577719156,0.08047341179573403,0.26236727928978665
2022-04-06,0.44932640901890314,0.07157221507928657,0.24963751308944246
2022-04-07,0.4521285343653035,0.02729700326377213,0.24131204839819445
2022-04-08,0.4388576386237952,0.04603896746118089,0.23568968950173794
2022-04-11,0.41774086032362906,0.05518741964197409,0.23805075509502846
2022-04-12,0.4153646635027825,0.4210595720832097,0.21581087167539661
2022-04-13,0.4304961403733449,0.07038538885042692,0.19083815948022023
2022-04-14,0.40866193315453364,0.03753337948768668,0.20219419806122538
2022-04-18,0.4096707256437431,0.08372070022747502,0.18653850354832754
2022-04-19,0.42704390279142584,0.033527840965285334,0.19917402043401292
2022-04-20,0.42341235928829296,0.03959384169056803,0.1910477428352195
2022-04-21,0.4065547294211394,0.04857745689513072,0.19407380513613923
2022-04-22,0.38281513169578657,0.09694062572116177,0.187646754381624
2022-04-25,0.3964447076909858,0.07898987900965945,0.19893857276804558
2022-04-26,0.36411935959395453,0.09031417927669536,0.2167670675042814
2022-04-27,0.37290685478122215,0.25404674776645897,0.20379242776973036
2022-04-28,0.40630817522806256,0.066841393861471,0.25149192195590275
2022-04-29,0.3705979062322387,0.07425905779184386,0.27696421986711783
2022-05-02,0.384204974921799,0.09011637490521873,0.2864141514476478
2022-05-03,0.38474302950796696,0.03970922757392938,0.27463203685952997
2022-05-04,0.41377300704991743,0.5150990670227146,0.29746561895102086
2022-05-05,0.3695443043655416,0.11508917680414069,0.32843981275727197
2022-05-06,0.36062231263454786,0.26490950450004946,0.32805365134624875
2022-05-09,0.3256069652517301,0.3331025615666106,0.3504752070841587
2022-05-10,0.3369051538035704,0.2597336234464115,0.35160688445465005
2022-05-11,0.3098701855231368,0.36006989087792174,0.3651849673207762
2022-05-12,0.304265934830336,0.17924372795305443,0.35569982548491863
2022-05-13,0.33289249115237124,0.0758909438565259,0.3803759355410493
2022-05-16,0.32352220041271146,0.31958592951570897,0.3807203367041295
2022-05-17,0.3454908357639855,0.05370388685589952,0.3880099909480885
2022-05-18,0.30870452600708903,0.06806118748557677,0.41264610591043505
2022-05-19,0.3033917072961159,0.07968219430982759,0.41018020358524143
2022-05-20,0.3046246150840268,0.08055583028384927,0.40344120061439115
2022-05-23,0.3206528267944479,0.05909405597863713,0.40676526289905623
2022-05-24,0.30570065584509937,0.07892394421916724,0.3927587088713719
2022-05-25,0.31657291587138575,0.04155540170771107,0.3944700624263412
2022-05-26,0.33607566723557475,0.06679194276860184,0.37751494542212527
2022-05-27,0.3635589345246744,0.16910625391487819,0.3741439078276959
2022-05-31,0.35692352085955187,0.05207200079121748,0.3703334314854604
2022-06-01,0.35380752463694826,0.15267200738469652,0.37036272016009275
2022-06-02,0.3759779732150748,0.079171199683513,0.362808951595623
2022-06-03,0.35492837477550837,0.13724326640952098,0.33098118626897943
2022-06-06,0.35539918108981333,0.028121188144924668,0.32905418619375815
2022-06-07,0.3661368761611102,0.06349520324399169,0.295699152529754
2022-06-08,0.3573270104907304,0.019170540335608083,0.2959777870576906
2022-06-09,0.3345513274658361,0.028632182771239245,0.2882783154546703
2022-06-10,0.30366070038356824,0.19793624105759403,0.3171938518559545
2022-06-13,0.2680849279314705,0.20157913823228826,0.32546149526252566
2022-06-14,0.27209759058266964,0.10096264794118615,0.3256931742156979
2022-06-15,0.28812573388182744,0.11499027461840239,0.3194377415856008
2022-06-16,0.25575557640730856,0.2927010186925131,0.31587095460318293
2022-06-17,0.26436369726209913,0.10351762107275903,0.3195915198049858
2022-06-21,0.282476673811539,0.08451191771338146,0.33224486818630883
2022-06-22,0.2799435415525909,0.06126990406487983,0.32305729881083367
2022-06-23,0.29124166169316784,0.0802756074242574,0.3225340757183952
2022-06-24,0.3186576807104044,0.0749843404872581,0.34259259333044956
2022-06-27,0.3130758689119791,0.05287970197474697,0.3320774095167477
2022-06-28,0.28940351945848924,0.07534698183496522,0.3210359604918065
2022-06-29,0.2899863150108815,0.03567072165628194,0.3212137474247324
2022-06-30,0.27947273523828603,0.06502818712293543,0.3229484301763379
2022-07-01,0.28166962613791874,0.05474235980615171,0.30485961615292057
2022-07-05,0.2929005664178959,0.060989681205287964,0.30437307182785234
2022-07-06,0.2980788885851428,0.03956087429532192,0.3060970170693864
2022-07-07,0.31477951460293147,0.03888504269277684,0.31296688569494147
2022-07-08,0.3153175691890994,0.08479214057297332,0.31198021793680497
2022-07-11,0.30303302704242513,0.036956450070879894,0.30306257700899986
2022-07-12,0.2926763827079312,0.07669864504005539,0.2782064286553585
2022-07-13,0.29095029812260337,0.0705996769195266,0.23024331811576473
2022-07-14,0.2959492459573732,0.05986878976692051,0.2304729682863216
2022-07-15,0.30969087960192304,0.036346553258827026,0.22729170489392728
2022-07-18,0.30280884333246033,0.05141265288629545,0.17759200023134833
2022-07-19,0.3255397169798671,0.040681765733689375,0.19394535405404742
2022-07-20,0.3400883298867739,0.05825338739986153,0.18787051007485076
2022-07-21,0.35161070214857887,0.045610391322981565,0.18897597691657733
2022-07-22,0.33905716691445226,0.04678073385421818,0.19557239127864165
2022-07-25,0.3339684635021805,0.06933043220255167,0.16531969131602872
2022-07-26,0.3191508575078214,0.024742030132199257,0.17427687014635115
2022-07-27,0.35252980747154977,0.0912372663435862,0.1892928745275866
2022-07-28,0.3640073019446038,0.04842910361652326,0.1913549204760859
2022-07-29,0.3773230070635997,0.06806118748557677,0.18404947695831972
2022-08-01,0.3758434766713487,0.0684897636237761,0.18548813379776438
2022-08-02,0.37156182093269724,0.06489631754195102,0.1861447012470467
2022-08-03,0.39545835409615177,0.0534731150891768,0.20000754952493296
2022-08-04,0.39814835338193816,0.028450862097385683,0.1933169015764992
2022-08-05,0.3968257584277887,0.028829987142715854,0.19397294151043884
2022-08-08,0.39093007575316013,0.060429235486104245,0.18604155923189883
2022-08-09,0.38057343141866623,0.037912504533016846,0.1846357523829649
2022-08-10,0.4059943043518593,0.080143737843273,0.19744635144879377
2022-08-11,0.4010177270002016,0.06484686644908186,0.20158453824448805
2022-08-12,0.4187495844015752,0.029884943790591104,0.20311705272917732
2022-08-15,0.4240175937350607,0.026423367289750435,0.19652298511306596
2022-08-16,0.4209689141955834,0.03159924834338839,0.18518553821642905
2022-08-17,0.41361614002307917,0.06339630105825339,0.18535077336765196
2022-08-18,0.4181443499548075,0.01607160518247453,0.18262186613536938
2022-08-19,0.4013764072538925,0.03141792766953483,0.1867548090109726
2022-08-22,0.37795068040474294,0.04938515807866021,0.2083305173084993
2022-08-23,0.37600034369818697,0.017324366201826397,0.19696007759588843
2022-08-24,0.3773453775467119,0.029110210002307714,0.1518389104270261
2022-08-25,0.39240960614541115,0.007615468301849469,0.1551886916995808
2022-08-26,0.3566320888777242,0.062456730293739486,0.19783326398537263
2022-08-29,0.3461857573769917,0.06301717601292323,0.20115729411118458
2022-08-30,0.33813806159148124,0.05462697392279036,0.2025810091708811
2022-08-31,0.3304266071652862,0.043896086770184285,0.17746057793923412
2022-09-01,0.3235670097901991,0.07496785678963505,0.1765809618920853
2022-09-02,0.31444327324361604,0.06196221936504797,0.17766019217630866
2022-09-06,0.3088839003395661,0.0726106880295388,0.17769555482576252
2022-09-07,0.3210114386368755,0.06334684996538423,0.18685324597405809
2022-09-08,0.3256742135235932,0.0379949230211321,0.15641835181849625
2022-09-09,0.3424869656019958,0.02357168760096265,0.17504670478505366
2022-09-12,0.35508531021361006,0.022813437510302313,0.16909364735907353
2022-09-13,0.3127844369301513,0.08904493455972043,0.2226294160498883
2022-09-14,0.3161021779683441,0.0451653314871592,0.2251007259116897
2022-09-15,0.2989979939081138,0.0689183397619754,0.23067201555655933
2022-09-16,0.29337130432093744,0.08944054330267365,0.22714413580543144
2022-09-19,0.2992221092068152,0.4182078923944219,0.22855874447418476
2022-09-20,0.29455940273136066,0.05063791909801207,0.2175235742793842
2022-09-21,0.28323884369640834,0.05543467510631985,0.21952991328335988
2022-09-22,0.2735546820805452,0.09321531005835229,0.21928774016511696
2022-09-23,0.2632652860179144,0.40197145023571684,0.2048381061853333
2022-09-26,0.25860251113119664,0.15910064945768634,0.17271929337151345
2022-09-27,0.26115808228452025,0.3545478521741997,0.17384653325985358
2022-09-28,0.2677038087834042,0.2075956878647018,0.17861781612352715
2022-09-29,0.24920978149716128,0.41008142946625786,0.18940216952761244
2022-09-30,0.23647694034182093,0.13620479345926878,0.19322597976505188
2022-10-03,0.25739204223766127,0.0987373487620743,0.22209242713510405
2022-10-04,0.2822524901015743,0.13122671677710743,0.2531303801596655
2022-10-05,0.2845838091336698,0.06555566544687305,0.2468726804160871
2022-10-06,0.2790019973352444,0.22503543994988956,0.24582564415463368
2022-10-07,0.248559737672906,0.104803349487357,0.2606948739142464
2022-10-10,0.23589407637816545,0.13384762469917252,0.25243318664461123
2022-10-11,0.22468557499256364,0.14022681567929318,0.2072643500695486
2022-10-12,0.22226456879422957,0.09951208255035768,0.20473266927944486
2022-10-13,0.24158801423720483,0.189166913922131,0.2247819007147603
2022-10-14,0.22183864026867567,0.07444037846569743,0.23775787204577056
2022-10-17,0.24315723179569443,0.04943460917152936,0.26219690046586874
2022-10-18,0.25030826115260935,0.19816701282431673,0.2657828797358863
2022-10-19,0.2468560235706903,0.04091253750041209,0.26263464034177264
2022-10-20,0.24723714271875658,0.05210496818646359,0.26016672037060595
2022-10-21,0.2656639217331364,0.0524676095341707,0.27129767652192804
2022-10-24,0.27413754604420076,0.04889064714996868,0.2726191933506721
2022-10-25,0.2900535632827445,0.07829756370949131,0.28062694937967136
2022-10-26,0.27512383122777145,0.05861602874756865,0.28857595852242646
2022-10-27,0.2675917511340535,0.060742425740942206,0.27706860763402574
2022-10-28,0.2965769192985163,0.06331388257013812,0.29535804450435865
2022-10-31,0.2876549959787859,0.061995186760294065,0.28589558598396525
2022-11-01,0.28193861922537106,0.039775162364421586,0.26474214389951023
2022-11-02,0.25476922281247455,0.06455015989186694,0.29044098253383255
2022-11-03,0.23463872969587912,0.3189265816107869,0.3028295379093211
2022-11-04,0.24356072142687285,0.09397356014901262,0.2758510351087
2022-11-07,0.2538725563838791,0.08934164111693535,0.2727890255462315
2022-11-08,0.26044072177713856,0.06347871954636863,0.26692519199344356
2022-11-09,0.24145351769347861,0.08210529786041604,0.2829101284496881
2022-11-10,0.30025334059040015,0.19782085517423267,0.38663261730999265
2022-11-11,0.3156090011709271,0.18319981538258662,0.37182078543796215
2022-11-14,0.30827859748153513,0.12591896614248507,0.36501353982413154
2022-11-15,0.31926291515717214,0.12288596577984373,0.3660067037830004
2022-11-16,0.3061041454762778,0.060083077836020175,0.37210201444794055
2022-11-17,0.3056782169507239,0.09268783173441467,0.37225707427780286
2022-11-18,0.3065300740018318,0.048165364454554445,0.3642080988020353
2022-11-21,0.29749602462148733,0.14045758744601589,0.3661772421605851
2022-11-22,0.3109237873898339,0.05805558302838492,0.36384864108360326
2022-11-23,0.3190836092359584,0.04542907064912801,0.35661596990929456
2022-11-25,0.31424152842802683,0.0031813536412488054,0.35504950022603643
2022-11-28,0.29803401079639186,0.07669864504005539,0.33938894093101735
2022-11-29,0.29108479466632947,0.06169848020307916,0.33838742824464996
2022-11-30,0.32742273700329655,0.07218211189133947,0.37302908294050274
2022-12-01,0.33018005297220937,0.19983186628424487,0.34509786223947736
2022-12-02,0.32578627117294395,0.06169848020307916,0.32702930052199986
2022-12-05,0.31096866517858485,0.053637952065407314,0.3367728338550371
2022-12-06,0.29438009681014693,0.10663303992351564,0.34605652936663467
2022-12-07,0.2909726686057155,0.1130451982988824,0.3462416463229919
2022-12-08,0.30392969347102056,0.04054989615270497,0.33405495941262175
2022-12-09,0.29933423526742914,0.2117825470609567,0.19604585383053738
2022-12-12,0.31583311646962847,0.07277552500576928,0.19769281061815694
2022-12-13,0.32500166239369915,0.1243365311706722,0.19823302934500273
2022-12-14,0.31919566688530904,0.08761085286651502,0.19512609228397484
2022-12-15,0.2880809245043398,0.08469323838723503,0.22686883642771918
2022-12-16,0.27839676288847676,0.07641842218046352,0.2300044734464358
2022-12-19,0.2678607442215058,0.2336399301091221,0.23324478633976845
2022-12-20,0.26945233226310755,0.10897372498598884,0.23147854553072048
2022-12-21,0.28088501735867394,0.06351168694161474,0.22972738580680072
2022-12-22,0.2627048609486344,0.07757228101407707,0.23666109645859798
2022-12-23,0.2629738540360867,0.1365015000164837,0.2368046974649011
2022-12-27,0.25597976011727325,0.08162727062934758,0.23042624285449018
2022-12-28,0.24483850700353466,0.0739129001417598,0.23324421216881988
2022-12-29,0.26384808157030665,0.07511621006824251,0.18987464609521273
2022-12-30,0.2634670308335037,0.07537994923021132,0.1886685893175213
2023-01-03,0.25660743345841647,0.09519335377311838,0.18932709572038406
2023-01-04,0.25967855189226924,0.06679194276860184,0.1851281788131723
2023-01-05,0.24492819416977324,0.0644677414037517,0.1841668655094457
2023-01-06,0.2648793129538916,0.1000395608742953,0.20852013071260125
2023-01-09,0.2738684845454851,0.07925361817162827,0.20450463569105373
2023-01-10,0.2785760688096905,0.346207101176936,0.20559371138095114
2023-01-11,0.2909054203338524,0.0586654798404378,0.20035947423676745
2023-01-12,0.29671141584224253,0.06146770843635644,0.19798353586856546
2023-01-13,0.2998722214423338,0.05433026736557544,0.19785853636889897
2023-01-17,0.30363826148919276,0.0626875020604622,0.15423039115958623
2023-01-18,0.2941110353114313,0.09326476115122145,0.15383525929366074
2023-01-19,0.2849424893873607,0.1169353509379224,0.15198418470100097
2023-01-20,0.30558859819574863,0.06827547555467642,0.1715212030883865
2023-01-23,0.32358944868457457,0.19819998021956284,0.17887968432031245
2023-01-24,0.3222892242135373,0.0691820789239442,0.15712309633145308
2023-01-25,0.3206528267944479,0.0771931559687469,0.15783891581860207
2023-01-26,0.33295973942423435,0.05268189760327036,0.1554831026232105
2023-01-27,0.33656884403299175,0.06631391553753338,0.1415122495050396
2023-01-30,0.3211460035918649,0.07236343256519304,0.14517885879296363
2023-01-31,0.33289249115237124,0.0689513071572215,0.14803699047121832
2023-02-01,0.35217112721785887,0.06428642072989812,0.15192180897935356
2023-02-02,0.37615727913628866,0.2123594764777635,0.16668628712141756
2023-02-03,0.36736985236028435,0.09941318036461938,0.15285389759994908
2023-02-06,0.3566096499833487,0.025401378037121287,0.15145983240220878
2023-02-07,0.37600034369818697,0.06105561599578017,0.15942477210998648
2023-02-08,0.36550920281996696,0.18305146210397916,0.1695744055930032
2023-02-09,0.36205703364931124,0.03717073813997956,0.16828119236592678
2023-02-10,0.356878643070801,0.02838492730689348,0.17113942151778036
2023-02-13,0.37064271560972634,0.13409488016351828,0.17557301962299057
2023-02-14,0.3750140585146163,0.05764349058780866,0.17558169220448647
2023-02-15,0.38084242450611855,0.03819272739260871,0.16696325791862063
2023-02-16,0.3656436993636932,0.04875877756898427,0.17383547936622815
2023-02-17,0.3556232963885147,0.04107737447664259,0.16586887381434315
2023-02-21,0.33607566723557475,0.1438367454587413,0.1721409958704145
2023-02-22,0.3358963613143609,0.053588500972538165,0.1719883186300519
2023-02-23,0.3480239680229336,0.039775162364421586,0.176977659046292
2023-02-24,0.33410302845717005,0.037912504533016846,0.1801604424777992
2023-02-27,0.33762244589968876,0.06876998648336796,0.18013235644265926
2023-02-28,0.33679302774295644,0.006906669304058283,0.16903485971045965
2023-03-01,0.33069560025273853,0.05451158803942901,0.1649289433046667
2023-03-02,0.3399986427205353,0.019038670754623677,0.15122538519686857
2023-03-03,0.3566320888777242,0.04287409751755513,0.13693009781922358
2023-03-06,0.35956871076785074,0.06158309431971779,0.13443434684554084
2023-03-07,0.34957074668704774,0.023934328948669766,0.13378872572825393
2023-03-08,0.3559147283703424,0.047654369828239874,0.11583274478847419
2023-03-09,0.34318188721500203,0.06080836053143441,0.11861356100379508
2023-03-10,0.327445175897672,0.08869877690963637,0.12939838640515416
2023-03-13,0.3310767194008049,0.24911812217716678,0.13008887566902685
2023-03-14,0.34876369901342746,0.07486895460389675,0.13768115915682355
2023-03-15,0.34847226703159967,0.20677150298354927,0.13628633764543313
2023-03-16,0.37035128362789854,0.2122605742920252,0.15873605144987865
2023-03-17,0.3681095833507782,0.05747865361157815,0.14922584241163428
2023-03-20,0.37062027671535086,0.044703787953713776,0.1443433687862302
2023-03-21,0.3799009487000355,0.21737052055517092,0.1253264057249153
2023-03-22,0.36979085855861843,0.06961065506214353,0.1321395386825561
2023-03-23,0.38140284957539866,0.0708634160814954,0.13110718186220316
2023-03-24,0.3811787342766973,0.0339729008011077,0.11802348048835726
2023-03-27,0.37595553432069934,0.07457224804668183,0.12069105025594332
2023-03-28,0.37239123908942967,0.06946230178353607,0.12180894511419421
2023-03-29,0.3892488005453198,0.036099297794481254,0.12815144557990726
2023-03-30,0.3977448637507596,0.03402235189397686,0.12728542124475326
2023-03-31,0.41155374566717257,0.056308311080341546,0.12247394310033147
2023-04-03,0.410410456634237,0.09987472389806482,0.12317496116014942
2023-04-04,0.4049407024851623,0.04894009824283783,0.11803490113281545
2023-04-05,0.39462893593941933,0.17401839580654732,0.12479345518933474
2023-04-06,0.39902264932742143,0.018741964197408763,0.11292789445376744
2023-04-10,0.3985294725300044,0.022104638512511127,0.09275422687751467
2023-04-11,0.39220786132982194,0.24537632281673422,0.09790351843229275
2023-04-12,0.38714159681192567,0.03583555863251244,0.0862858898642748
2023-04-13,0.40339392382104816,0.14874888735041045,0.09655785109541751
2023-04-14,0.4001210605716062,0.059539115814459496,0.07331473343502348
2023-04-17,0.4032146178998344,0.024445323574984343,0.07246260573659843
2023-04-18,0.4056356240981685,0.04359938021296938,0.07244634878933426
2023-04-19,0.40384229124097754,0.016862822668380968,0.06914157310587568
2023-04-20,0.3977000543732721,0.020209013285860285,0.06406307438150896
2023-04-21,0.39518936100869945,0.027049747799426364,0.057149381932764615
2023-04-24,0.3915129397168156,0.021099132957505026,0.05834446753505293
2023-04-25,0.3732879055180251,0.037203705535225666,0.07792558145190173
2023-04-26,0.3842722231936621,0.09202848382949264,0.0840519375958467
2023-04-27,0.4001210605716062,0.04106089077901955,0.08171035221138767
2023-04-28,0.40906542278571206,0.0328025582698711,0.0820265365664471
2023-05-01,0.4099621576255709,0.017340849899449444,0.07122492994581653
2023-05-02,0.40030043490408324,0.02787393268057891,0.07635598433708563
2023-05-03,0.39427025568572843,0.030840998252728048,0.07674137651701612
2023-05-04,0.39084045699818487,0.05505555006098969,0.07143492878921545
2023-05-05,0.4131453337087743,0.036346553258827026,0.09829310306176933
2023-05-08,0.4140644390317452,0.013219925493686745,0.09820735435319708
2023-05-09,0.4077652667259381,0.006972604094550486,0.09810656648858135
2023-05-10,0.417135557465598,0.03814327629973956,0.09945054222662408
2023-05-11,0.4134592045849776,0.021478258002835197,0.08780849723772827
2023-05-12,0.4117330515883864,0.012708930867372167,0.08727840780667365
2023-05-15,0.41901857748902743,0.01664853459928131,0.08927144827876232
2023-05-16,0.4184357819366353,0.022731019022187056,0.08921732316902048
2023-05-17,0.4311910619863511,0.14429828899218672,0.0958571347463767
2023-05-18,0.44854180023965834,0.2012000131869581,0.10380174374328208
2023-05-19,0.44690533440930563,0.032357498434048726,0.10334777164315753
2023-05-22,0.4492142829582891,0.01872548049978571,0.10124179669576819
2023-05-23,0.43547271772500257,0.04061583094319717,0.09049415335318622
2023-05-24,0.4299805246815524,0.03542346619193617,0.08995333571801797
2023-05-25,0.4614091379387248,0.09410542972999703,0.11959975603481074
2023-05-26,0.4856643513558701,0.057066561171001874,0.13508467720035408
2023-05-30,0.4905736804356648,0.10374839283948176,0.13472843029756204
2023-05-31,0.4819655595808742,0.04290706491280124,0.1327519925910087
2023-06-01,0.49160484340798644,0.05975340388355916,0.12879884413962597
2023-06-02,0.4981506383181337,0.0512972670029341,0.12561362291937914
2023-06-05,0.493061934905862,0.03717073813997956,0.11416328106749818
2023-06-06,0.4946311524643516,0.03136847657666568,0.11403052805002661
2023-06-07,0.48053083856611084,0.06525895888965813,0.12214792315339953
2023-06-08,0.4899235682001461,0.01363201793426301,0.12179199086083833
2023-06-09,0.4938465436851068,0.09148452180793196,0.1192984570712737
2023-06-12,0.513595917653636,0.04654996208749546,0.12601348280707073
2023-06-13,0.5205452021949617,0.08494049385158078,0.12583425632393214
2023-06-14,0.5285928979804722,0.2887119638677348,0.1246200535969994
2023-06-15,0.5413930558189388,0.0792041670787591,0.12377868170787157
2023-06-16,0.5328073054472604,0.07526456334684997,0.12334064588848803
2023-06-20,0.5270685582107335,0.09758348992846075,0.125568910546265
2023-06-21,0.5120491389895219,0.06118748557676457,0.13755735303179134
2023-06-22,0.5199847771256816,0.25086539412521014,0.12603108744974953
2023-06-23,0.5086865885738414,0.060940230112418815,0.13083393727081205
2023-06-26,0.500885515392671,0.041225727755250054,0.09867978288793286
2023-06-27,0.5201641514581588,0.026390399894504334,0.08814776167169597
2023-06-28,0.5226748448227314,0.0441598259321531,0.08769855745394667
2023-06-29,0.5232576403751235,0.030231101440675173,0.08274979661988205
2023-06-30,0.5386357398500261,0.04191804305541819,0.08749526640270258
2023-07-03,0.5369544646421858,0.11001219793624106,0.08725655079321029
2023-07-05,0.5308122277744802,0.049533511357267655,0.08779474184638278
2023-07-06,0.5270013099388704,0.045610391322981565,0.08911916706339981
2023-07-07,0.5236611984175654,0.02528599215375993,0.07858132362602513
2023-07-10,0.527584173902526,0.029406916559522635,0.07606596535388416
2023-07-11,0.5312829656775218,0.12331454191804306,0.07600034143046874
2023-07-12,0.5415723617401527,0.04963241354300597,0.0630640185203272
2023-07-13,0.5563899677345117,0.055500609896812055,0.06964563066084889
2023-07-14,0.5527808631257543,0.09858899548346683,0.06881384643022806
2023-07-17,0.5661638165166134,0.09781426169518345,0.06909718111349566
2023-07-18,0.577686120367155,0.07335245442257607,0.06830950184084439
2023-07-19,0.5749736821869931,0.2064583127287113,0.06641067502352632
2023-07-20,0.5532292305456836,0.15695776876668974,0.076955158186721
2023-07-21,0.5515030775490926,0.027807997890086707,0.0757960057386887
2023-07-24,0.5526463665820283,0.0739129001417598,0.06770553580069913
2023-07-25,0.5640790516775946,0.07066561171001878,0.06568513550203528
2023-07-26,0.5523773734945758,0.0288464708403389,0.06011563605542361
2023-07-27,0.5477594763966089,0.031928922295849406,0.061802402196598244
2023-07-28,0.5619718479442004,0.04178617347443379,0.06896035143213156
2023-07-31,0.5669932346733457,0.04991263640259783,0.060388600942956366
2023-08-01,0.5675312208482504,0.01712656183034978,0.05994871117605316
2023-08-02,0.5403842633297293,0.09090759239112517,0.09067491413316972
2023-08-03,0.5364612878447688,0.06014901262651238,0.09070154792099797
2023-08-04,0.5235490723569514,0.17065572149144495,0.09710850473903099
2023-08-07,0.5251855381873041,0.05281376718425477,0.09659712012848032
2023-08-08,0.5160842405350965,0.05020934295981274,0.0989742880166263
2023-08-09,0.5025219128117604,0.09718788118550753,0.09980168599253736
2023-08-10,0.5034186476516191,0.1118418883723997,0.08872429674658938
2023-08-11,0.49714184582892423,0.07655029176144793,0.0892884079789445
2023-08-14,0.5111524725609264,0.06560511653974219,0.09120724865218688
2023-08-15,0.501625246383165,0.06834141034516863,0.08446908338845938
2023-08-16,0.49259119700282045,0.05574786536115781,0.08564505048514107
2023-08-17,0.482256991562702,0.05302805525335443,0.07520344851316998
2023-08-18,0.48407276331426846,0.0778030527807998,0.07634347678250997
2023-08-21,0.5001905937796649,0.07148979659117133,0.0923939006676788
2023-08-22,0.5005492740333557,0.04201694524115649,0.08467297636275897
2023-08-23,0.5178552029091752,0.09021527709095703,0.09812326555757661
2023-08-24,0.4953260740773578,0.12816074901921998,0.1141451686245939
2023-08-25,0.5048533002551192,0.06934691590017472,0.10975444879165361
2023-08-28,0.5122060744276233,0.03064319388125144,0.11152690443269475
2023-08-29,0.5316416459312128,0.051181881119572746,0.12837290561425047
2023-08-30,0.5397565899885863,0.04963241354300597,0.10827249414965759
2023-08-31,0.544733167340244,0.02706623149704942,0.10844679910879881
2023-09-01,0.548745829991443,0.034731150891768044,0.10162262329494334
2023-09-05,0.5504494756823954,0.016945241156496225,0.10162326940987113
2023-09-06,0.5389719812093414,0.07941845514785878,0.10347808495487121
2023-09-07,0.524131936320607,0.07000626380509675,0.10459851543495904
2023-09-08,0.5253872830028932,0.025137638875152475,0.1045963581268082
2023-09-11,0.5300276189952355,0.024198068110638578,0.1025860759340842
2023-09-12,0.5128113772856544,0.029324498071407377,0.108152951055445
2023-09-13,0.5141115333454285,0.032769590874625,0.10428506307089003
2023-09-14,0.520881443554277,0.029093726304684667,0.1013903600617134
2023-09-15,0.5031720250472791,0.07104473675534895,0.10986979176831688
2023-09-18,0.507050191154752,0.022648600534071806,0.11013835938086769
2023-09-19,0.5053464770525362,0.04099495598852735,0.10050636227688503
2023-09-20,0.49124616315429553,0.03936306992384531,0.10844790072865068
2023-09-21,0.4755991390032041,0.0716711172650249,0.10316068764105343
2023-09-22,0.47817708063963976,0.046962054528071735,0.08557037080823232
2023-09-25,0.48187587241463575,0.14710051758810536,0.081559272304744
2023-09-26,0.46519761687995925,0.060742425740942206,0.08840951274984635
2023-09-27,0.4680221811207352,0.06921504631919032,0.06742448943551463
2023-09-28,0.4738729860066128,0.0462367718326575,0.0655983774405369
2023-09-29,0.4775269684041212,0.0691820789239442,0.06482453514493608
2023-10-02,0.4860902798814241,0.13806745129067352,0.06947934089001936
2023-10-03,0.46824636483069987,0.09448455477532719,0.07840430063189158
2023-10-04,0.4788720022526461,0.048857679754722584,0.08544295651894632
2023-10-05,0.47967898151500293,0.05436323476082155,0.07970306046604297
2023-10-06,0.4983748220280984,0.0812151781887713,0.09840442118210596
2023-10-09,0.502746096521725,0.04809942966406224,0.09833668648987012
2023-10-10,0.5059069021218163,0.14743019154056639,0.08810850754657126
2023-10-11,0.5135062988986607,0.027791514192463652,0.0906141919146716
2023-10-12,0.5112197208327893,0.03328058550093957,0.08873125768873077
2023-10-13,0.49577444149728717,0.13643556522599148,0.08580893436162229
2023-10-16,0.5066690720066858,0.015659512741898265,0.09053126639190029
2023-10-17,0.5025667906005113,0.03839053176408532,0.0911256062657324
2023-10-18,0.48947526919148004,0.02526950845613688,0.08998918526795094
2023-10-19,0.4827725388432312,0.04457191837272937,0.08069681519735641
2023-10-20,0.46627365764103185,0.06786338311410015,0.09284667506626765
2023-10-23,0.4664305930791334,0.0378630534401477,0.09202617124325377
2023-10-24,0.4745903465139946,0.04537961955625886,0.08258634456896244
2023-10-25,0.4592795637222185,0.04023670589786701,0.09327932023831922
2023-10-26,0.44313929436244665,0.05614347410411103,0.10183496961126445
2023-10-27,0.446860525031818,0.137902614314443,0.10192402089959254
2023-10-30,0.45477372427360235,0.02675304124221145,0.10159925607071349
2023-10-31,0.461610882754314,0.017027659644611476,0.09188017495195969
2023-11-01,0.4766078630811503,0.0370223848613721,0.09722267218948277
2023-11-02,0.49317406096647604,0.04371476609633073,0.10855204720564157
2023-11-03,0.5066242626291981,0.030742096066989744,0.10147289187727931
2023-11-06,0.5109731666397126,0.05215441927933274,0.10145373898128937
2023-11-07,0.5226524059283559,0.036363036956450066,0.10602119207486213
2023-11-08,0.5267098779570427,0.03351135726766228,0.10458066885924175
2023-11-09,0.5208366341767894,0.019071638149869778,0.10587210493583724
2023-11-10,0.5465489390918103,0.03939603731909142,0.11667911306852799
2023-11-13,0.5415499228457772,0.0678798668117232,0.1155672397604649
2023-11-14,0.5656033914473333,0.06875350278574491,0.12979702684484165
2023-11-15,0.5669259864014826,0.052797283486631714,0.11987418364576741
2023-11-16,0.5691901255729785,0.037401509906702275,0.11553112098532523
2023-11-17,0.5696384245816446,0.12613325421158472,0.09763600943360431
2023-11-20,0.5840526093560885,0.04668183166847987,0.09909803579926099
2023-11-21,0.5754444200900346,0.17293047176342596,0.10599413580764547
2023-11-22,0.579210528548157,0.03649490653743447,0.0871308268095207
2023-11-24,0.5780896784095968,0.0,0.06416374907443043
2023-11-27,0.5775516238234288,0.04521478258002835,0.06636934478402104
2023-11-28,0.5794570827412338,0.03234101473642567,0.06722235557769124
2023-11-29,0.5834697453924329,0.029654172023868393,0.0674534324357198
2023-11-30,0.5831783134106052,0.025829954175320607,0.0641688486462118
2023-12-01,0.5890515571908583,0.04552797283486632,0.05663510353307219
2023-12-04,0.5784483586632876,0.0400389015263904,0.06184966815483825
2023-12-05,0.584030170461713,0.12085847097220848,0.061956000516031146
2023-12-06,0.575018559975744,0.025681600896713147,0.0647879483623709
2023-12-07,0.5861149353007318,0.03606633039923516,0.06759825572695849
2023-12-08,0.5953956072854163,0.02604424224442027,0.06501899665030797
2023-12-11,0.6026138849141944,0.08795701051659907,0.03894044305520314
2023-12-12,0.6089130572200014,0.029373949164276533,0.03584287015932808
2023-12-13,0.6211751604723004,0.07056670952428049,0.012844170207873998
2023-12-14,0.6232599253113191,0.0709293508719876,0.01275071132277672
2023-12-15,0.6284382474785659,0.06395674677743712,0.013009290676923552
2023-12-18,0.6309265019487631,0.17800745063132561,0.012627115671903097
2023-12-19,0.63467017151251,0.0359839119111199,0.0034487862361404914
2023-12-20,0.6172297460929643,0.03827514588072397,0.018715236465174895
2023-12-21,0.6305006418344725,0.0401048363168826,0.02504110317761897
2023-12-22,0.6315541752899063,0.0379289882306399,0.024398028142195202
2023-12-26,0.6369118717896303,0.025417861734744335,0.024074708927340344
2023-12-27,0.6379654736563274,0.07811624303563774,0.024226000381284418
2023-12-28,0.6386828341637092,0.025632149803843998,0.024396758511405048
2023-12-29,0.6324284712353896,0.06064352355520391,0.02800324900641485
2024-01-02,0.6039364798683438,0.07528104704447303,0.06689164499908329
2024-01-03,0.5897913565926154,0.19948570863416082,0.07047656393531734
2024-01-04,0.5835145547699205,0.05914350707150628,0.07109722456015954
2024-01-05,0.5837611773742606,0.04465433686084463,0.06752774367404998
2024-01-08,0.6101459650079124,0.07923713447400521,0.08902069754195438
2024-01-09,0.6120289850313418,0.029637688326245346,0.08652626910307265
2024-01-10,0.6210630344116863,0.032555302805525335,0.08740434001341338
2024-01-11,0.6248290744585452,0.09639666369960109,0.08663375666175974
2024-01-12,0.6272277101737673,0.046962054528071735,0.08180020910960067
2024-01-16,0.6288193666266324,0.05367091946065341,0.08174641145361122
2024-01-17,0.6229012450576281,0.035390498796690074,0.08207475289734831
2024-01-18,0.6438162785422052,0.055154452246727985,0.09663452940986486
2024-01-19,0.6676231929506844,0.10589127353047834,0.11209896226630114
2024-01-22,0.6749310893344376,0.0748524709062737,0.10073677387204796
2024-01-23,0.6796162347042676,0.05264893020802427,0.097112780560389
2024-01-24,0.6850411794758546,0.076253585204233,0.09725986621831303
2024-01-25,0.6877536176560166,0.04969834833349817,0.09701457639808092
2024-01-26,0.6759174429292716,0.03628061846833482,0.1028123469376987
2024-01-29,0.6890986515045414,0.04064879833844328,0.10615817012254997
2024-01-30,0.6781143338289044,0.07679754722579368,0.10895939954771985
2024-01-31,0.6546437291910039,0.10656710513302342,0.09845328128499634
2024-02-01,0.6689233490104582,0.053984109715491384,0.09171316712026353
2024-02-02,0.6798628573086078,0.05762700689018561,0.0888926181162995
2024-02-05,0.6804008434835125,0.042494972472224966,0.08881370506822744
2024-02-06,0.6784730140825952,0.033560808360531436,0.07046129636680437
2024-02-07,0.6930888752613651,0.03773118385916329,0.07427651310336267
2024-02-08,0.6988949391810186,0.0380938252068704,0.07334388594553881
2024-02-09,0.7163577350836765,0.05678633831141002,0.07883856884017748
2024-02-12,0.7090722091830353,0.05947318102396729,0.08302687816885507
2024-02-13,0.6863637744300042,0.11780898691194408,0.10312391342135657
2024-02-14,0.7015848700555416,0.07008868229321202,0.10425633357558442
2024-02-15,0.7006882720382095,0.02935746546665348,0.09471617257772602
2024-02-16,0.6884709781633982,0.037220189232848706,0.08501935619999157
2024-02-20,0.6749983376063007,0.0639897141726832,0.08969172647699258
2024-02-21,0.6653814926735642,0.07753931361883099,0.09163202917461072
2024-02-22,0.7017418054936433,0.09563841360894076,0.1285357624967863
2024-02-23,0.6978412689030582,0.0297860416048528,0.1289790154322511
2024-02-26,0.7008452074763112,0.023324432136616884,0.12489454115114476
2024-02-27,0.7025264826841513,0.018890317476016216,0.12099075504207779
2024-02-28,0.6971687861844273,0.015939735601490125,0.11828260535668247
2024-02-29,0.7081754743431765,0.14350707150628028,0.10248822816620559
2024-03-01,0.7296958790970478,0.05167639204826426,0.10794218478970055
2024-03-04,0.7318927015854173,0.04153891801008803,0.10604838210159692
2024-03-05,0.7034455195958591,0.06346223584874558,0.12892691088175529
2024-03-06,0.7162681163287012,0.03750041209244057,0.1316740554476829
2024-03-07,0.7359052958253531,0.027626677216233145,0.1349372299559832
2024-03-08,0.7164697927330272,0.07089638347674151,0.1444047358092655
2024-03-11,0.7114708448982574,0.034236639963076514,0.13824760394050695
2024-03-12,0.7355466839829254,0.035753140144397184,0.14933364152111567
2024-03-13,0.7229707782656869,0.04041802657172056,0.14022500931341053
2024-03-14,0.7185545575720458,0.038769656809415486,0.13637902591439574
2024-03-15,0.7031765265084067,0.050934625655226974,0.14218455922856918
2024-03-18,0.7086014028687304,0.0256980845943362,0.1387997854391476
2024-03-19,0.713510731948525,0.03215969406257212,0.13352402739167005
2024-03-20,0.7293146915377182,0.025450829129990436,0.13379483095146882
2024-03-21,0.7326325009871744,0.029884943790591104,0.10184514057580082
2024-03-22,0.7316910251810913,0.01999472521676062,0.10116008448061639
2024-03-25,0.7269161926450229,0.03463224870602974,0.10218474703890618
2024-03-26,0.7217378704777759,0.0256651171990901,0.10327511054790076
2024-03-27,0.724517556929801,0.02841789470213958,0.10212611405087801
2024-03-28,0.7228587206163362,0.014456202815415556,0.09955709775933694
2024-04-01,0.7252796584034069,0.030857481950351102,0.08664945661489698
2024-04-02,0.7119863921787863,0.04219826591501006,0.09112109796944345
2024-04-03,0.7143850278940085,0.02014307849536808,0.06727668168089646
2024-04-04,0.695532388765338,0.04022022220024395,0.07300911326674644
2024-04-05,0.7094981377085892,0.09412191342762008,0.06663244035540872
2024-04-08,0.707816862500749,0.007829756370949133,0.05514044165242729
2024-04-09,0.7104396135146724,0.01623644215870504,0.054604194513887844
2024-04-10,0.6998588538814772,0.04022022220024395,0.034142048142954795
2024-04-11,0.7220964823202034,0.05367091946065341,0.05039730656629551
2024-04-12,0.7012038193187387,0.04671479906372598,0.06445661536191549
2024-04-15,0.6792576228618401,0.06380839349882966,0.07250815413549302
2024-04-16,0.6799301055804707,0.0647974153562127,0.07115786447544098
2024-04-17,0.6631173535020682,0.038407015461708376,0.07716870825093536
2024-04-18,0.6525365254576097,0.06176441499357136,0.06753746091184723
2024-04-19,0.6232374864169437,0.15964461147924702,0.08706379038364753
2024-04-22,0.6379430347619519,0.14703458279761314,0.09932548916172829
2024-04-23,0.6558542664958027,0.05840174067846899,0.11386535398387734
2024-04-24,0.6576251604586181,0.05761052319256255,0.11448964884367718
2024-04-25,0.6580735278785474,0.051890680117363926,0.11391446908752231
2024-04-26,0.6771279802340704,0.0328684930603633,0.126909172191859
2024-04-29,0.6816113807883111,0.03774766755678633,0.12752494237778955
2024-04-30,0.6564819398369457,0.02177496456005011,0.13783357972997368
2024-05-01,0.6444663907777237,0.03970922757392938,0.13923324866477454
2024-05-02,0.6594633711045599,0.025170606270398577,0.14110733155494645
2024-05-03,0.6895021411357198,0.04508291299904394,0.15960236509093897
2024-05-06,0.706023529643558,0.019829888240530114,0.16586157180507957
2024-05-07,0.7011813804243632,0.012906735238848777,0.16616665557709545
2024-05-08,0.7028626556322035,0.007648435697095571,0.16388898879668914
2024-05-09,0.7017193665992678,0.036593808723172784,0.1527621409604671
2024-05-10,0.7047457440668963,0.01048363168826031,0.143698752639562
2024-05-13,0.7103948725484481,0.018082616292486732,0.13170627087928108
2024-05-14,0.7223654754076558,0.01033527840965285,0.13406213008752416
2024-05-15,0.7492658787330999,0.03151682985527313,0.1368390345659146
2024-05-16,0.7441771753208282,0.03265420499126364,0.13320257359081636
2024-05-17,0.7412629923250771,0.024280486598753835,0.10118825796126998
2024-05-20,0.7563944691956395,0.03410477038209211,0.10059713655469898
2024-05-21,0.7575377582285752,0.017719974944779615,0.09607744133723498
2024-05-22,0.7578291902104028,0.05111594632908054,0.09644346176832583
2024-05-23,0.7579188089653781,0.058368773283222895,0.0965484938075728
2024-05-24,0.7696877354202598,0.020060660007252824,0.09119496643403516
2024-05-28,0.7802013151928553,0.034269607358322615,0.0919852913833086
2024-05-29,0.7758972889710918,0.024313453993999937,0.06422599394453979
2024-05-30,0.7469345597010044,0.06303365971054628,0.08832487495664709
2024-05-31,0.745880889423044,0.06280288794382355,0.08570810707800633
2024-06-03,0.752180061728851,0.03647842283981143,0.06130410686092225
2024-06-04,0.7529198611306083,0.02418158441301553,0.054437486286034564
2024-06-05,0.7836311822916624,0.05388520752975307,0.07585224840633714
2024-06-06,0.7801341353322555,0.035901493423004645,0.07735117586383328
2024-06-07,0.7800443797547538,0.020950779678897573,0.07705037362122139
2024-06-10,0.784303665010293,0.026027758546797217,0.07702751487097295
2024-06-11,0.8016544032636002,0.05197309860547918,0.08153398816072735
2024-06-12,0.8286221232721709,0.04542907064912801,0.09220443833445147
2024-06-13,0.8412876477443847,0.040121320014505656,0.07916985570450338
2024-06-14,0.84630903447353,0.03697293376850295,0.07632190674472122
2024-06-17,0.8621354329570987,0.04165430389344938,0.07676694522133784
2024-06-18,0.8674035107018474,0.04964889724062902,0.07402330059567111
2024-06-20,0.849312973046783,0.07447334586094354,0.08686218723397823
2024-06-21,0.8425654333210466,0.0524676095341707,0.08949738213879549
2024-06-24,0.8188034651125815,0.05955559951208255,0.10651941916650307
2024-06-25,0.8370060604169967,0.023901361553423664,0.10964300104926394
2024-06-26,0.8395839336421691,0.06588533939933405,0.10835211841464668
2024-06-27,0.8421619436898682,0.05477532720139782,0.10703269647216168
2024-06-28,0.8399875600958742,0.035505884680051426,0.07990722936449493
2024-07-01,0.8526755234624637,0.07017110078132727,0.0802717201877616
2024-07-02,0.8613508925891171,0.03324761810569347,0.08045652705592793
2024-07-03,0.8765272472484305,0.03511027593709821,0.0817424016868166
2024-07-05,0.8832970890460157,0.057313816635347646,0.06230755370131058
2024-07-08,0.8922638901544973,0.05350608248442291,0.06031665003516842
2024-07-09,0.8893945849474969,0.03689051528038769,0.06137463915770355
2024-07-10,0.9078212955506135,0.03814327629973956,0.0652168682499486
2024-07-11,0.8816158138381756,0.09212738601523093,0.0842282489398837
2024-07-12,0.8940349209398393,0.08660534731150893,0.07120521325900542
2024-07-15,0.9009393961036773,0.07152276398641744,0.06905456412923455
2024-07-16,0.9025757935227667,0.04229716810074836,0.06898072226211824
2024-07-17,0.8537514958122727,0.09860547918108989,0.11751545931018142
2024-07-18,0.846959215120312,0.16885899845053243,0.11759504248680788
2024-07-19,0.831536306267922,0.04015428740975175,0.11604544067848754
2024-07-22,0.8571140462279534,0.045593907625358525,0.12855440337889829
2024-07-23,0.8546931084408826,0.03979164606204464,0.11607689703729268
2024-07-24,0.8033805562601914,0.09211090231760788,0.1588784308663945
2024-07-25,0.7915667520165588,0.08233606962713877,0.16033959993288197
2024-07-26,0.8062947392559425,0.05076978867899647,0.16510232304127068
2024-07-29,0.8016544032636002,0.041885075660172084,0.16525559125464925
2024-07-30,0.7777130607226581,0.047621402432993766,0.16936606498484882
2024-07-31,0.820753733407874,0.042841130122309036,0.20348702846262065
2024-08-01,0.7747315610437806,0.08253387399861536,0.22555963162730383
2024-08-02,0.7446255427407575,0.10552863218277123,0.23256036385822024
2024-08-05,0.7027281590884773,0.20410114396861503,0.2469706988393867
2024-08-06,0.7142056535615313,0.09580325058517125,0.2526494639984779
2024-08-07,0.7006433942494585,0.0811822107935252,0.2434073498234646
2024-08-08,0.7405905096064462,0.04038505917647447,0.275742013376709
2024-08-09,0.7481899063832906,0.04246200507697887,0.2741838545627343
2024-08-12,0.7544217620059714,0.035077308541852106,0.27421056719692105
2024-08-13,0.7893026128450629,0.07514917746348862,0.29562329812161314
2024-08-14,0.7947723669941376,0.0422147496126331,0.27560184213767713
2024-08-15,0.828330691290343,0.04465433686084463,0.290837721677371
2024-08-16,0.831289752074845,0.03474763458939109,0.28829062979467746
2024-08-19,0.849178476503057,0.05540170771107374,0.28437806128459064
2024-08-20,0.8448295724925423,0.03835756436883921,0.2845235844518528
2024-08-21,0.8522047171481588,0.027577226123363996,0.2519762140158027
2024-08-22,0.8249008241915361,0.07528104704447303,0.26022688682056994
2024-08-23,0.8476541367333184,0.042082880031648694,0.26348161622529187
2024-08-26,0.8353472241035318,0.031121221112319915,0.2654490041651161
2024-08-27,0.8413549644275111,0.022665084231694853,0.25620799964914787
2024-08-28,0.8242956581560317,0.031665183133880594,0.23665098299193468
2024-08-29,0.8208882299516003,0.038159759997362604,0.20438135354347284
2024-08-30,0.8341141794930944,0.01928592621896944,0.18672080011718642
2024-09-03,0.7774440676352059,0.07562720469455708,0.20645421338812328
2024-09-04,0.774798877726907,0.05141265288629545,0.20592027713803715
2024-09-05,0.7720639322411065,0.030824514555105,0.20133972731549696
2024-09-06,0.7426528355510895,0.08688557017110077,0.1905594230982887
2024-09-09,0.7587931049108614,0.02643985098737349,0.19405667964182774
2024-09-10,0.7710775786462722,0.06726996999967033,0.19581245309752118
2024-09-11,0.8063396170446935,0.052401674743678496,0.195695859781661
2024-09-12,0.8160237786605566,0.041670787591072435,0.1965535920684812
2024-09-13,0.8235109809655237,0.02441235617973824,0.17907024712774253
2024-09-16,0.8160237786605566,0.019599116473807403,0.1797371751034816
2024-09-17,0.8153735980137746,0.01412652886295454,0.1738191569786567
2024-09-18,0.809522793127897,0.046451059901757165,0.1740118718583121
2024-09-19,0.8468471574709613,0.057330300332970686,0.19701464158047713
2024-09-20,0.8422964402335942,0.024544225760722647,0.18569589275478618
2024-09-23,0.8418480728136648,0.03576962384202024,0.1775773030734288
2024-09-24,0.8535273805135715,0.026357432499258232,0.1769882296866577
2024-09-25,0.8544016764590547,0.022335410279233837,0.17656740963101644
2024-09-26,0.8706091256794264,0.054346751063198494,0.17424807137314494
2024-09-27,0.8587505804695694,0.02714864998516467,0.17684706834598626
2024-09-30,0.8622476274289761,0.061599578017340846,0.174689137558639
2024-10-01,0.8292049872358265,0.07310519895823031,0.13410931198689138
2024-10-02,0.8372750535044489,0.020274948076352488,0.13395090040923197
2024-10-03,0.8423413180223451,0.027049747799426364,0.13320474225772763
2024-10-04,0.8589298179795197,0.03128605808855042,0.10962319345336574
2024-10-07,0.8495147862736356,0.03194540599347245,0.11117208037244755
2024-10-08,0.8732543155877253,0.027692612006725348,0.11703745282089412
2024-10-09,0.8880943604764597,0.050060989681205294,0.09598865171204266
2024-10-10,0.8893049661925219,0.056473148056572046,0.09533190562190921
2024-10-11,0.8934520569761837,0.025681600896713147,0.09496386795863268
2024-10-14,0.9101303125108602,0.03758283058055583,0.09506518083774021
2024-10-15,0.8855612282175116,0.047852174199716484,0.11129796089091573
2024-10-16,0.8905154350860571,0.018923284871262318,0.10924927449858332
2024-10-17,0.8958058149026549,0.035275112913328716,0.08107409433327561
2024-10-18,0.900446150894997,0.02302772557940197,0.07984813486450676
2024-10-21,0.9080006698830905,0.03013219925493687,0.079956933540834
2024-10-22,0.9070591940770074,0.036198199980219566,0.07843320418872338
2024-10-23,0.8859424157768412,0.04663238057561072,0.09049087126381267
2024-10-24,0.8904929961916817,0.017917779316256224,0.08552178162651758
2024-10-25,0.8968594851806153,0.040516928757458874,0.08185251330348967
2024-10-28,0.8996167327382647,0.027214584775656872,0.08180676701551051
2024-10-29,0.9156000666599349,0.042033428938779545,0.051500647373506264
2024-10-30,0.8976664644429722,0.03679161309464939,0.06312548289329417
2024-10-31,0.8527875811118142,0.09524280486598755,0.11127876875945991
2024-11-01,0.8621354329570987,0.04139056473148057,0.10735003726146145
2024-11-04,0.8608577842029634,0.032786074572248046,0.10534281092575115
2024-11-05,0.8798897976641109,0.024593676853591796,0.10090982889629721
2024-11-06,0.9216302458782897,0.07859427026670623,0.12972464730534264
2024-11-07,0.9497859958860202,0.06066000725282695,0.14086242853161182
2024-11-08,0.9473200434876718,0.04381366828206903,0.14132130011846128
2024-11-11,0.9416037351455202,0.04397850525829954,0.13873146800395977
2024-11-12,0.9440472486494931,0.03952790690007583,0.12607613996992473
2024-11-13,0.9384205590623169,0.08977021725513468,0.1272045380177023
2024-11-14,0.9327714305807651,0.03224211255068737,0.1281046370615227
2024-11-15,0.8990787465633601,0.07399531862987505,0.14775914480609376
2024-11-18,0.9030464630145449,0.043731249793953784,0.1470703205921547
2024-11-19,0.9197471574435969,0.04106089077901955,0.15144759529332094
2024-11-20,0.9212043173527358,0.035242145518082614,0.14314577790596741
2024-11-21,0.9356857503990428,0.049121418916691396,0.14551943831202663
2024-11-22,0.9408416336719143,0.06130287146012594,0.1453622159781866
2024-11-25,0.9401914530251323,0.08784162463323772,0.14549357740238103
2024-11-26,0.9444058604919208,0.031582764645765336,0.14220045654968552
2024-11-27,0.9300366219174909,0.04157188540533412,0.13992543412947095
2024-11-29,0.9423435345472775,0.007598984604226422,0.09783997642695144
2024-12-02,0.9560627292974517,0.044044440048791746,0.09886623619979934
2024-12-03,0.9633706940924684,0.023093660369894173,0.09813253802193378
2024-12-04,0.9920644302751034,0.05385224013450698,0.10394215587805172
2024-12-05,0.9848462210575888,0.043929054165430394,0.07513389190953337
2024-12-06,0.9923109844681803,0.028450862097385683,0.06005629324359646
2024-12-09,0.9815284116081324,0.0823855207200079,0.06326271712681028
2024-12-10,0.960949619482871,0.06471499686809745,0.07270184779242189
2024-12-11,0.9825820818860929,0.047868657897339524,0.0813237469158371
2024-12-12,0.9763500894408856,0.02340685062473214,0.0814698456401351
2024-12-13,0.983097629166622,0.031319025483796524,0.08052466548986453
2024-12-16,1.0,0.04340157584149277,0.050809798935280454
2024-12-17,0.9910556377858939,0.04366531500346158,0.05533352926092036
2024-12-18,0.9401242731645325,0.14846866449081858,0.10860533489764382
2024-12-19,0.9413123031636925,0.11550126924471696,0.10860301780980519
2024-12-20,0.9633258163037175,0.08180859130320114,0.11319830053919613
2024-12-23,0.9764174061240121,0.0462367718326575,0.11525436660445074
2024-12-24,0.9921093080638543,0.044588402070352424,0.11814788811077914
2024-12-26,0.994620001428427,0.04842910361652326,0.11810303926178092
2024-12-27,0.9720460632191219,0.07251178584380047,0.12341878789936536
2024-12-30,0.9542693964402609,0.05315992483433884,0.1274691398929932
2024-12-31,0.941334742058068,0.08719876042593874,0.12710966058877954
2025-01-02,0.9403036474970097,0.12961131441004844,0.12600080602355382
2025-01-03,0.9662176972276197,0.05020934295981274,0.1237522267441662
2025-01-06,0.9856756392143211,0.07927010186925132,0.12961142932483416
2025-01-07,0.9540451443190328,0.07842943329047572,0.1431840589191462
2025-01-08,0.9525432434436696,0.053291794415323245,0.14192091011422847
2025-01-10,0.9225941605787482,0.11263310585830613,0.14906882437108512
2025-01-13,0.9113407814043957,0.09921537599314278,0.14125182062513286
2025-01-14,0.9145912741707254,0.04173672238156464,0.14179627824929972
2025-01-15,0.9448991057006011,0.0934790492203211,0.1576950866614211
2025-01-16,0.9331749202119435,0.0349784063561138,0.15361983225662293
2025-01-17,0.9540451443190328,0.04963241354300597,0.1612686097205602
2025-01-21,0.9655450776864622,0.059539115814459496,0.12506585490108665
2025-01-22,0.9939475187097964,0.10307256123693667,0.13630311638750175
2025-01-23,0.9963461544250183,0.048115913361685296,0.12978668343542954
2025-01-24,0.9824251464479914,0.0420499126364026,0.1309574982900393
2025-01-27,0.9076644969350385,0.23307948438993836,0.19988865860869096
2025-01-28,0.9500998667622234,0.07526456334684997,0.22616952281717892
2025-01-29,0.9369410970813292,0.06791283420696931,0.22292929573133538
2025-01-30,0.9370755936250552,0.06187980087693271,0.21973608452865853
2025-01-31,0.9297003121469123,0.08034154221474962,0.2184729029951488
2025-02-03,0.9100629958277338,0.13645204892361454,0.22281755723419897
2025-02-04,0.9283329078152753,0.042725744238947684,0.21866563334444003
2025-02-05,0.9478132886963522,0.09151748920317807,0.218944599745821
2025-02-06,0.9530589275467254,0.0276431609138562,0.20833761842622087
2025-02-07,0.9396534668502277,0.051396169188672396,0.21048210186280605
2025-02-10,0.9571611405416365,0.0461708370421653,0.2023100572791939
2025-02-11,0.9553229298956947,0.029950878581083307,0.2001442839515509
2025-02-12,0.9534847192497526,0.052896185672370026,0.20034880152060938
2025-02-13,0.9752965559854518,0.04160485280058023,0.19447861887748633
2025-02-14,0.9818422824843358,0.028978340421323308,0.19218598848342058
2025-02-18,0.9913246308733463,0.04371476609633073,0.18816871855990977
2025-02-19,0.9903382772785123,0.026802492335080606,0.18700163220149127
2025-02-20,0.9855187037762196,0.041868591962549044,0.17713082636957103
2025-02-21,0.9465803809084412,0.07275904130814626,0.19499232117207918
2025-02-24,0.9261808262931301,0.06867108429762964,0.197607603483845
2025-02-25,0.9058038473947212,0.10533082781129463,0.1281384423296218
2025-02-26,0.9159362396079869,0.05533577292058154,0.09441286810242513
2025-02-27,0.8677396836498996,0.1179738238881746,0.13185564356362406
2025-02-28,0.8890582751769183,0.11721557379751424,0.14223928607753286
2025-03-03,0.843955276547059,0.13620479345926878,0.17064283284497808
2025-03-04,0.8341814961762208,0.0006291827382718489,0.16767478974620728
